{"episode": 999, "averagePredictionError": 0.24383155614986862, "_timestamp": 1725022834.441515, "_runtime": 17.65347385406494, "_step": 999, "_wandb": {"runtime": 16}}