{"episode": 999, "averagePredictionError": 0.34717505705791796, "_timestamp": 1725022748.9902651, "_runtime": 16.663708209991455, "_step": 999, "_wandb": {"runtime": 15}}