{"episode": 999, "averagePredictionError": 0.30316721392373186, "_timestamp": 1725022899.97838, "_runtime": 18.26639485359192, "_step": 999, "_wandb": {"runtime": 17}}