{"reward": 181.0, "eplison": 0.001, "_timestamp": 1724306577.418714, "_runtime": 233.64350605010986, "_step": 99, "_wandb": {"runtime": 230}}