{"reward": 195.0, "eplison": 0.0046309383101245955, "_timestamp": 1724306428.320776, "_runtime": 84.54556798934937, "_step": 58}