{"reward": 111.0, "eplison": 0.001, "_timestamp": 1724239443.311702, "_runtime": 137.6912820339203, "_step": 99, "_wandb": {"runtime": 136}}