{"episode": 999, "averageNorm": 0.09192465909395545, "_timestamp": 1725022496.358714, "_runtime": 16.58233618736267, "_step": 999, "_wandb": {"runtime": 15}}