{"reward": 567.0, "eplison": 0.16928085614759317, "_timestamp": 1724238907.596534, "_runtime": 45.18901991844177, "_step": 18, "_wandb": {"runtime": 63}}