{"episode": 999, "averageNorm": 0.18153824680298725, "_timestamp": 1725022632.174656, "_runtime": 17.676684856414795, "_step": 999, "_wandb": {"runtime": 16}}