{"reward": 184.0, "eplison": 0.001, "_timestamp": 1724239121.411537, "_runtime": 130.21339201927185, "_step": 99, "_wandb": {"runtime": 306}}